Trend,time_stamp,post_count,avg_post_length,token_volume,growth_rate,source_file
#lust,2026-01-11T14:44:16,2,90.0,42,0,bluesky_posts_20260111_144416.jsonl
#gay,2026-01-11T14:44:16,2,90.0,42,0,bluesky_posts_20260111_144416.jsonl
#passion,2026-01-11T14:44:16,2,90.0,42,0,bluesky_posts_20260111_144416.jsonl
#nowplaying,2026-01-11T14:44:16,1,72.0,12,0,bluesky_posts_20260111_144416.jsonl
#puravida,2026-01-11T14:44:16,1,234.0,52,0,bluesky_posts_20260111_144416.jsonl
#bluesky,2026-01-11T14:44:16,1,234.0,52,0,bluesky_posts_20260111_144416.jsonl
#cumdrenched,2026-01-11T14:44:16,1,169.0,43,0,bluesky_posts_20260111_144416.jsonl
#sniff,2026-01-11T14:44:16,1,169.0,43,0,bluesky_posts_20260111_144416.jsonl
#nike,2026-01-11T14:44:16,1,169.0,43,0,bluesky_posts_20260111_144416.jsonl
#kink,2026-01-11T14:44:16,1,169.0,43,0,bluesky_posts_20260111_144416.jsonl
#smelly,2026-01-11T14:44:16,1,169.0,43,0,bluesky_posts_20260111_144416.jsonl
#sneakers,2026-01-11T14:44:16,1,169.0,43,0,bluesky_posts_20260111_144416.jsonl
#piss,2026-01-11T14:44:16,1,169.0,43,0,bluesky_posts_20260111_144416.jsonl
#raunchy,2026-01-11T14:44:16,1,169.0,43,0,bluesky_posts_20260111_144416.jsonl
#musky,2026-01-11T14:44:16,1,169.0,43,0,bluesky_posts_20260111_144416.jsonl
#tn,2026-01-11T14:44:16,1,169.0,43,0,bluesky_posts_20260111_144416.jsonl
#socks,2026-01-11T14:44:16,1,169.0,43,0,bluesky_posts_20260111_144416.jsonl
#kiffeur,2026-01-11T14:44:16,1,169.0,43,0,bluesky_posts_20260111_144416.jsonl
#trump,2026-01-11T14:44:16,1,293.0,60,0,bluesky_posts_20260111_144416.jsonl
#groenlandia,2026-01-11T14:44:16,1,293.0,60,0,bluesky_posts_20260111_144416.jsonl
#roofing,2026-01-11T14:44:16,1,115.0,19,0,bluesky_posts_20260111_144416.jsonl
#us,2026-01-11T14:44:16,1,115.0,19,0,bluesky_posts_20260111_144416.jsonl
#buildingmaterials,2026-01-11T14:44:16,1,115.0,19,0,bluesky_posts_20260111_144416.jsonl
#contractorpacks,2026-01-11T14:44:16,1,115.0,19,0,bluesky_posts_20260111_144416.jsonl
#redlabel,2026-01-11T14:44:16,1,115.0,19,0,bluesky_posts_20260111_144416.jsonl
#florida,2026-01-11T14:44:16,1,228.0,51,0,bluesky_posts_20260111_144416.jsonl
#orlando,2026-01-11T14:44:16,1,228.0,51,0,bluesky_posts_20260111_144416.jsonl
#familyvacation,2026-01-11T14:44:16,1,228.0,51,0,bluesky_posts_20260111_144416.jsonl
#epicuniverse,2026-01-11T14:44:16,1,228.0,51,0,bluesky_posts_20260111_144416.jsonl
#t,2026-01-11T14:44:16,1,228.0,51,0,bluesky_posts_20260111_144416.jsonl
#pocketicon,2026-01-11T15:05:59,1,120.0,22,1,bluesky_posts_20260111_150559.jsonl
#orthodoxicon,2026-01-11T15:05:59,1,120.0,22,1,bluesky_posts_20260111_150559.jsonl
#saintalexandernevsky,2026-01-11T15:05:59,1,120.0,22,1,bluesky_posts_20260111_150559.jsonl
#4x4,2026-01-11T15:05:59,1,120.0,22,1,bluesky_posts_20260111_150559.jsonl
#machineembroidered,2026-01-11T15:05:59,1,120.0,22,1,bluesky_posts_20260111_150559.jsonl
#gme,2026-01-11T15:05:59,1,152.0,27,1,bluesky_posts_20260111_150559.jsonl
#beetlebailey,2026-01-11T15:05:59,1,62.0,13,1,bluesky_posts_20260111_150559.jsonl
#classiccomics,2026-01-11T15:05:59,1,62.0,13,1,bluesky_posts_20260111_150559.jsonl
#vdlm2,2026-01-11T15:05:59,1,193.0,48,1,bluesky_posts_20260111_150559.jsonl
#a4d5175af52,2026-01-11T15:05:59,1,193.0,48,1,bluesky_posts_20260111_150559.jsonl
#fc05222f46f,2026-01-11T15:05:59,1,193.0,48,1,bluesky_posts_20260111_150559.jsonl
#acars,2026-01-11T15:05:59,1,193.0,48,1,bluesky_posts_20260111_150559.jsonl
#fearandhunger,2026-01-11T15:05:59,1,35.0,7,1,bluesky_posts_20260111_150559.jsonl
#psportal,2026-01-11T15:05:59,1,274.0,52,1,bluesky_posts_20260111_150559.jsonl
#playstation,2026-01-11T15:05:59,1,274.0,52,1,bluesky_posts_20260111_150559.jsonl
#sony,2026-01-11T15:05:59,1,274.0,52,1,bluesky_posts_20260111_150559.jsonl
#よさこい祭り動画検索,2026-01-11T15:05:59,1,129.0,37,1,bluesky_posts_20260111_150559.jsonl
#socialistsunday,2026-01-11T15:05:59,1,197.0,34,1,bluesky_posts_20260111_150559.jsonl
#gimnasio,2026-01-11T15:06:54,1,258.0,54,1,bluesky_posts_20260111_150654.jsonl
#propósitos,2026-01-11T15:06:54,1,258.0,54,1,bluesky_posts_20260111_150654.jsonl
#salud,2026-01-11T15:06:54,1,258.0,54,1,bluesky_posts_20260111_150654.jsonl
#nudemen,2026-01-11T15:06:54,1,14.0,4,1,bluesky_posts_20260111_150654.jsonl
#dick,2026-01-11T15:06:54,1,14.0,4,1,bluesky_posts_20260111_150654.jsonl
#rojavaberbihelebêvedimeşe,2026-01-11T15:06:54,1,85.0,14,1,bluesky_posts_20260111_150654.jsonl
#genuine,2026-01-11T15:06:54,1,104.0,24,1,bluesky_posts_20260111_150654.jsonl
#packof30,2026-01-11T15:06:54,1,104.0,24,1,bluesky_posts_20260111_150654.jsonl
#bathroom,2026-01-11T15:06:54,1,104.0,24,1,bluesky_posts_20260111_150654.jsonl
#störung,2026-01-11T15:06:54,1,91.0,18,1,bluesky_posts_20260111_150654.jsonl
#baustelle,2026-01-11T15:06:54,1,91.0,18,1,bluesky_posts_20260111_150654.jsonl
#verkehr,2026-01-11T15:06:54,1,91.0,18,1,bluesky_posts_20260111_150654.jsonl
#straße,2026-01-11T15:06:54,1,91.0,18,1,bluesky_posts_20260111_150654.jsonl
#berlin,2026-01-11T15:06:54,1,91.0,18,1,bluesky_posts_20260111_150654.jsonl
#sperrung,2026-01-11T15:06:54,1,91.0,18,1,bluesky_posts_20260111_150654.jsonl
#kiamaoctp,2026-01-11T15:09:26,1,232.0,45,1,bluesky_posts_20260111_150926.jsonl
#oc,2026-01-11T15:09:26,1,232.0,45,1,bluesky_posts_20260111_150926.jsonl
#kiamaocs,2026-01-11T15:09:26,1,232.0,45,1,bluesky_posts_20260111_150926.jsonl
#ocsky,2026-01-11T15:09:26,1,232.0,45,1,bluesky_posts_20260111_150926.jsonl
#not_missing,2026-01-11T15:09:26,1,47.0,11,1,bluesky_posts_20260111_150926.jsonl
#birthdaysash,2026-01-11T15:09:26,1,233.0,44,1,bluesky_posts_20260111_150926.jsonl
#westerncow,2026-01-11T15:09:26,1,233.0,44,1,bluesky_posts_20260111_150926.jsonl
#discocow,2026-01-11T15:09:26,1,233.0,44,1,bluesky_posts_20260111_150926.jsonl
#women,2026-01-11T15:09:26,1,233.0,44,1,bluesky_posts_20260111_150926.jsonl
#hotpink,2026-01-11T15:09:26,1,233.0,44,1,bluesky_posts_20260111_150926.jsonl
#rnb,2026-01-11T15:09:26,1,183.0,43,1,bluesky_posts_20260111_150926.jsonl
#wethebesthiphopandrnb,2026-01-11T15:09:26,1,183.0,43,1,bluesky_posts_20260111_150926.jsonl
#hot21radio,2026-01-11T15:09:26,1,183.0,43,1,bluesky_posts_20260111_150926.jsonl
#nowplaying,2026-01-11T15:09:26,1,183.0,43,1,bluesky_posts_20260111_150926.jsonl
#hiphop,2026-01-11T15:09:26,1,183.0,43,1,bluesky_posts_20260111_150926.jsonl
#waterandice,2026-01-11T15:09:26,1,222.0,34,1,bluesky_posts_20260111_150926.jsonl
#carbonblockfilter,2026-01-11T15:09:26,1,222.0,34,1,bluesky_posts_20260111_150926.jsonl
#partsandaccessories,2026-01-11T15:09:26,1,222.0,34,1,bluesky_posts_20260111_150926.jsonl
#samsung,2026-01-11T15:09:26,1,222.0,34,1,bluesky_posts_20260111_150926.jsonl
#refrigeratorwaterfilter,2026-01-11T15:09:26,1,222.0,34,1,bluesky_posts_20260111_150926.jsonl
#refrigerator,2026-01-11T15:09:26,1,222.0,34,1,bluesky_posts_20260111_150926.jsonl
#tcmparty,2026-01-11T15:09:26,1,39.0,8,1,bluesky_posts_20260111_150926.jsonl
#tokyo,2026-01-11T15:10:50,1,50.0,16,1,bluesky_posts_20260111_151050.jsonl
#tver,2026-01-11T15:10:50,1,50.0,16,1,bluesky_posts_20260111_151050.jsonl
#スケバン刑事,2026-01-11T15:10:50,1,50.0,16,1,bluesky_posts_20260111_151050.jsonl
#新着ドラマ,2026-01-11T15:10:50,1,50.0,16,1,bluesky_posts_20260111_151050.jsonl
#geekhistory,2026-01-11T15:10:50,1,116.0,26,1,bluesky_posts_20260111_151050.jsonl
#sandwichgeneration,2026-01-11T15:10:50,1,69.0,13,1,bluesky_posts_20260111_151050.jsonl
#grandparenting,2026-01-11T15:10:50,1,69.0,13,1,bluesky_posts_20260111_151050.jsonl
#679,2026-01-11T15:10:50,1,30.0,16,1,bluesky_posts_20260111_151050.jsonl
#nycphoto,2026-01-11T15:10:50,1,116.0,22,1,bluesky_posts_20260111_151050.jsonl
#memorial,2026-01-11T15:10:50,1,116.0,22,1,bluesky_posts_20260111_151050.jsonl
#americanheroes,2026-01-11T15:10:50,1,116.0,22,1,bluesky_posts_20260111_151050.jsonl
#8x10,2026-01-11T15:10:50,1,116.0,22,1,bluesky_posts_20260111_151050.jsonl
#vtuber,2026-01-11T15:14:39,1,46.0,8,1,bluesky_posts_20260111_151439.jsonl
#bannerartwork,2026-01-11T15:14:39,1,46.0,8,1,bluesky_posts_20260111_151439.jsonl
#arsenal,2026-01-11T15:14:39,1,106.0,19,1,bluesky_posts_20260111_151439.jsonl
#portsmouth,2026-01-11T15:14:39,1,106.0,19,1,bluesky_posts_20260111_151439.jsonl
#vfb,2026-01-11T15:14:39,1,187.0,32,1,bluesky_posts_20260111_151439.jsonl
#945,2026-01-11T15:14:39,1,43.0,20,1,bluesky_posts_20260111_151439.jsonl
#palindromo,2026-01-11T15:14:39,1,212.0,52,1,bluesky_posts_20260111_151439.jsonl
#desafiopalindromo245,2026-01-11T15:14:39,1,212.0,52,1,bluesky_posts_20260111_151439.jsonl
#vacuumcleaner,2026-01-11T15:14:39,1,233.0,66,1,bluesky_posts_20260111_151439.jsonl
#replacementbrushes,2026-01-11T15:14:39,1,233.0,66,1,bluesky_posts_20260111_151439.jsonl
#robotvacuum,2026-01-11T15:14:39,1,233.0,66,1,bluesky_posts_20260111_151439.jsonl
#roomba,2026-01-11T15:14:39,1,233.0,66,1,bluesky_posts_20260111_151439.jsonl
#irobot,2026-01-11T15:14:39,1,233.0,66,1,bluesky_posts_20260111_151439.jsonl
#nrk,2026-01-11T15:14:39,1,4.0,2,1,bluesky_posts_20260111_151439.jsonl
#caturday,2026-01-11T15:14:39,1,127.0,32,1,bluesky_posts_20260111_151439.jsonl
#film,2026-01-11T15:14:39,1,55.0,16,1,bluesky_posts_20260111_151439.jsonl
#actrice,2026-01-11T15:14:39,1,55.0,16,1,bluesky_posts_20260111_151439.jsonl
#games,2026-01-11T15:14:39,1,55.0,16,1,bluesky_posts_20260111_151439.jsonl
#interview,2026-01-11T15:14:39,1,55.0,16,1,bluesky_posts_20260111_151439.jsonl
#discoveryfails,2026-01-11T15:15:30,1,186.0,32,1,bluesky_posts_20260111_151530.jsonl
#lawyerproblems,2026-01-11T15:15:30,1,186.0,32,1,bluesky_posts_20260111_151530.jsonl
#clientexpectations,2026-01-11T15:15:30,1,186.0,32,1,bluesky_posts_20260111_151530.jsonl
#basic,2026-01-11T15:16:11,1,119.0,26,1,bluesky_posts_20260111_151611.jsonl
#women,2026-01-11T15:16:11,1,119.0,26,1,bluesky_posts_20260111_151611.jsonl
#essentials,2026-01-11T15:16:11,1,119.0,26,1,bluesky_posts_20260111_151611.jsonl
#amazon,2026-01-11T15:16:11,1,119.0,26,1,bluesky_posts_20260111_151611.jsonl
#ffx,2026-01-11T15:16:11,1,294.0,72,1,bluesky_posts_20260111_151611.jsonl
#ffxspoilers,2026-01-11T15:16:11,1,294.0,72,1,bluesky_posts_20260111_151611.jsonl
#gachiakuta,2026-01-11T15:17:47,1,53.0,10,1,bluesky_posts_20260111_151747.jsonl
#gachiart,2026-01-11T15:17:47,1,53.0,10,1,bluesky_posts_20260111_151747.jsonl
#rudosuberec,2026-01-11T15:17:47,1,53.0,10,1,bluesky_posts_20260111_151747.jsonl
#adsb,2026-01-11T15:17:47,1,264.0,73,1,bluesky_posts_20260111_151747.jsonl
#n8641b,2026-01-11T15:17:47,1,264.0,73,1,bluesky_posts_20260111_151747.jsonl
#swa461,2026-01-11T15:17:47,1,264.0,73,1,bluesky_posts_20260111_151747.jsonl
#southwest,2026-01-11T15:17:47,1,264.0,73,1,bluesky_posts_20260111_151747.jsonl
#b738,2026-01-11T15:17:47,1,264.0,73,1,bluesky_posts_20260111_151747.jsonl
#wn461,2026-01-11T15:17:47,1,264.0,73,1,bluesky_posts_20260111_151747.jsonl
#adsbbot,2026-01-11T15:17:47,1,264.0,73,1,bluesky_posts_20260111_151747.jsonl
#abe030,2026-01-11T15:17:47,1,264.0,73,1,bluesky_posts_20260111_151747.jsonl
#bpose,2026-01-11T15:17:47,1,95.0,22,1,bluesky_posts_20260111_151747.jsonl
#lamakyn,2026-01-11T15:17:47,1,95.0,22,1,bluesky_posts_20260111_151747.jsonl
#wuklamat,2026-01-11T15:17:47,1,95.0,22,1,bluesky_posts_20260111_151747.jsonl
#hrothgal,2026-01-11T15:17:47,1,95.0,22,1,bluesky_posts_20260111_151747.jsonl
#xbraalvidraal,2026-01-11T15:17:47,1,95.0,22,1,bluesky_posts_20260111_151747.jsonl
#hrgpose,2026-01-11T15:17:47,1,95.0,22,1,bluesky_posts_20260111_151747.jsonl
#notaflex,2026-01-11T15:17:47,1,9.0,2,1,bluesky_posts_20260111_151747.jsonl
#standwithukraine,2026-01-11T15:23:10,1,214.0,49,1,bluesky_posts_20260111_152310.jsonl
#fnaf2movie,2026-01-11T15:23:10,1,53.0,16,1,bluesky_posts_20260111_152310.jsonl
#fnaf2,2026-01-11T15:23:10,1,53.0,16,1,bluesky_posts_20260111_152310.jsonl
#fnaf,2026-01-11T15:23:10,1,53.0,16,1,bluesky_posts_20260111_152310.jsonl
#ffxiv,2026-01-11T15:23:10,1,152.0,35,1,bluesky_posts_20260111_152310.jsonl
#gposers,2026-01-11T15:23:10,1,152.0,35,1,bluesky_posts_20260111_152310.jsonl
#elezen,2026-01-11T15:23:10,1,152.0,35,1,bluesky_posts_20260111_152310.jsonl
#fwbเช,2026-01-11T15:23:10,1,80.0,30,1,bluesky_posts_20260111_152310.jsonl
#เช,2026-01-11T15:23:10,1,80.0,30,1,bluesky_posts_20260111_152310.jsonl
#readingcommunity,2026-01-11T16:43:38,1,246.0,48,1,bluesky_posts_20260111_164338.jsonl
#fantasyindiesjanuary,2026-01-11T16:43:38,1,246.0,48,1,bluesky_posts_20260111_164338.jsonl
#writingcommunity,2026-01-11T16:43:38,1,246.0,48,1,bluesky_posts_20260111_164338.jsonl
#macromedia,2026-01-11T16:43:38,1,60.0,12,1,bluesky_posts_20260111_164338.jsonl
#coloraday,2026-01-11T16:43:38,1,60.0,12,1,bluesky_posts_20260111_164338.jsonl
#orangesun,2026-01-11T16:43:38,1,60.0,12,1,bluesky_posts_20260111_164338.jsonl
#iceout,2026-01-11T16:43:38,1,66.0,16,1,bluesky_posts_20260111_164338.jsonl
#photographie,2026-01-11T16:43:38,1,129.0,28,1,bluesky_posts_20260111_164338.jsonl
#photography,2026-01-11T16:43:38,1,129.0,28,1,bluesky_posts_20260111_164338.jsonl
#birdphotography,2026-01-11T16:43:38,1,129.0,28,1,bluesky_posts_20260111_164338.jsonl
#ornithologie,2026-01-11T16:43:38,1,129.0,28,1,bluesky_posts_20260111_164338.jsonl
#birds,2026-01-11T16:43:38,1,129.0,28,1,bluesky_posts_20260111_164338.jsonl
#photo,2026-01-11T16:43:38,1,129.0,28,1,bluesky_posts_20260111_164338.jsonl
#oiseaux,2026-01-11T16:43:38,1,129.0,28,1,bluesky_posts_20260111_164338.jsonl
#birding,2026-01-11T16:43:38,1,129.0,28,1,bluesky_posts_20260111_164338.jsonl
#costofliving,2026-01-11T16:43:38,1,172.0,27,1,bluesky_posts_20260111_164338.jsonl
#unitygovernment,2026-01-11T16:43:38,1,172.0,27,1,bluesky_posts_20260111_164338.jsonl
#economicgrowth,2026-01-11T16:43:38,1,172.0,27,1,bluesky_posts_20260111_164338.jsonl
#easeofdoingbusiness,2026-01-11T16:43:38,1,172.0,27,1,bluesky_posts_20260111_164338.jsonl
#madani,2026-01-11T16:43:38,1,172.0,27,1,bluesky_posts_20260111_164338.jsonl
#art,2026-01-11T16:43:38,1,157.0,32,1,bluesky_posts_20260111_164338.jsonl
#久保史緒里,2026-01-11T16:43:38,1,19.0,6,1,bluesky_posts_20260111_164338.jsonl
#乃木坂46,2026-01-11T16:43:38,1,19.0,6,1,bluesky_posts_20260111_164338.jsonl
#池田瑛紗,2026-01-11T16:43:38,1,19.0,6,1,bluesky_posts_20260111_164338.jsonl
#eastcoastkin,2026-01-11T16:43:38,1,36.0,6,1,bluesky_posts_20260111_164338.jsonl
#stunday,2026-01-11T16:43:38,1,36.0,6,1,bluesky_posts_20260111_164338.jsonl
#silentsunday,2026-01-11T16:43:38,1,36.0,6,1,bluesky_posts_20260111_164338.jsonl
#superbowl,2026-01-11T16:46:51,1,216.0,54,1,bluesky_posts_20260111_164651.jsonl
#otd,2026-01-11T16:46:51,1,216.0,54,1,bluesky_posts_20260111_164651.jsonl
#skol,2026-01-11T16:46:51,1,216.0,54,1,bluesky_posts_20260111_164651.jsonl
#vikings,2026-01-11T16:46:51,1,216.0,54,1,bluesky_posts_20260111_164651.jsonl
#minnesota,2026-01-11T16:46:51,1,216.0,54,1,bluesky_posts_20260111_164651.jsonl
#pedogarchy,2026-01-11T17:49:42,1,68.0,13,0,bluesky_posts_20260111_174942.jsonl
#pedophocracy,2026-01-11T17:49:42,1,68.0,13,0,bluesky_posts_20260111_174942.jsonl
#epsteinballroom,2026-01-11T17:49:42,1,68.0,13,0,bluesky_posts_20260111_174942.jsonl
#zorroranch,2026-01-11T17:49:42,1,68.0,13,0,bluesky_posts_20260111_174942.jsonl
#fice,2026-01-11T17:49:42,1,93.0,22,0,bluesky_posts_20260111_174942.jsonl
#chiralnui,2026-01-11T17:49:42,1,192.0,45,0,bluesky_posts_20260111_174942.jsonl
#tiktok,2026-01-11T17:49:42,1,192.0,45,0,bluesky_posts_20260111_174942.jsonl
#dmmd,2026-01-11T17:49:42,1,192.0,45,0,bluesky_posts_20260111_174942.jsonl
#キラルぬい撮り部,2026-01-11T17:49:42,1,192.0,45,0,bluesky_posts_20260111_174942.jsonl
#ドラマダ,2026-01-11T17:49:42,1,192.0,45,0,bluesky_posts_20260111_174942.jsonl
#shooting,2026-01-11T17:49:42,1,27.0,6,0,bluesky_posts_20260111_174942.jsonl
#game,2026-01-11T17:49:42,1,27.0,6,0,bluesky_posts_20260111_174942.jsonl
#court,2026-01-11T17:49:42,1,27.0,6,0,bluesky_posts_20260111_174942.jsonl
#diyartist,2026-01-11T17:49:42,1,201.0,38,0,bluesky_posts_20260111_174942.jsonl
#independentartists,2026-01-11T17:49:42,1,201.0,38,0,bluesky_posts_20260111_174942.jsonl
#londonmodelling,2026-01-11T17:49:42,1,201.0,38,0,bluesky_posts_20260111_174942.jsonl
